Metric,Random,Majority,Class ratio,Gaussian NB,XGBoost
acc.,0.5012348919217207,0.9167353091604081,0.8437306522382837,0.9015579154216804,0.9298581388462677
f1,0.6061572107062582,0.876911638812294,0.8441950926137247,0.8808051209294252,0.9074206988258469
