Metric,Random,Majority,Class ratio,Gaussian NB,XGBoost
acc.,0.5106577566017928,0.7186223047726723,0.6029462435058817,0.6788459985463943,0.7875312929015585
f1,0.5349543987360611,0.600967569365113,0.6032076317541569,0.6282986215429386,0.7645175627047271
