Metric,Random,Majority,Class ratio,Gaussian NB,XGBoost
acc.,0.25759239818030094,0.5082041239333495,0.3347048372769119,0.4409486123448815,0.6628374922608953
f1,0.28238005517950737,0.3424892905879935,0.335278034987356,0.4178056902878254,0.6381819974328695
